姓名,省份,城市,区县,公司,职位,行业,电话,邮箱,老家,寄语
张三,北京,北京市,海淀区,字节跳动,高级产品经理,互联网,138****1234,zhangsan@example.com,湖南省长沙市,十年过去了，还记得当年一起在教室里奋斗的日子，期待与大家重聚！
李四,北京,北京市,朝阳区,中国银行总行,客户经理,金融,139****5678,lisi@example.com,湖南省株洲市,时光飞逝，愿同学们都事业有成，家庭幸福！
王五,上海,上海市,浦东新区,腾讯华东总部,前端工程师,互联网,137****9012,wangwu@example.com,湖南省湘潭市,期待523的十年聚会！
赵六,上海,上海市,静安区,复旦大学附属中山医院,主治医师,医疗,136****3456,zhaoliu@example.com,湖南省衡阳市,从医十年，感慨良多，祝大家身体健康！
陈七,广东,深圳市,南山区,华为技术有限公司,算法工程师,通信/硬件,135****7890,chenqi@example.com,湖南省岳阳市,深圳欢迎大家来玩！
刘八,广东,广州市,天河区,网易游戏,游戏策划,游戏,134****2345,liuba@example.com,湖南省常德市,做自己喜欢的事情，每天都很开心~
周九,广东,深圳市,福田区,平安科技,数据分析师,金融科技,133****6789,zhoujiu@example.com,湖南省长沙市,数据改变世界，期待与大家交流！
吴十,浙江,杭州市,余杭区,阿里巴巴,运营专家,互联网/电商,132****0123,wushi@example.com,湖南省益阳市,在阿里成长了很多，感谢同学们一路的支持！
郑十一,浙江,杭州市,西湖区,浙江大学,副教授,教育/科研,131****4567,zhengsy@example.com,湖南省郴州市,学术之路漫漫，与大家共勉！
孙十二,江苏,南京市,鼓楼区,南京市第一中学,高中数学教师,教育,130****8901,sunse@example.com,湖南省永州市,当了老师才知道当年老师们的不易，致敬！
钱十三,江苏,苏州市,工业园区,微软苏州,软件开发工程师,互联网/软件,129****2345,qianss@example.com,湖南省怀化市,代码改变生活！
冯十四,四川,成都市,高新区,成都航空,机长,航空,128****6789,fengss@example.com,湖南省娄底市,翱翔蓝天，实现了儿时的梦想！
褚十五,湖北,武汉市,洪山区,小米武汉总部,硬件工程师,硬件/制造,127****0123,chusw@example.com,湖南省邵阳市,武汉热干面天下第一！欢迎来吃！
卫十六,陕西,西安市,雁塔区,西安交通大学,博士后研究员,科研,126****4567,weisl@example.com,湖南省张家界市,科研之路虽苦，但乐在其中！
蒋十七,福建,厦门市,思明区,厦门航空,空乘,航空,125****8901,jiangsq@example.com,湖南省湘西州,在云端工作，看遍世界风景！
沈十八,山东,青岛市,崂山区,海尔集团,市场总监,家电/制造,124****2345,shensb@example.com,湖南省长沙市,青岛啤酒配海鲜，欢迎来做客！
韩十九,湖南,长沙市,岳麓区,中南大学,讲师,教育,123****6789,hansj@example.com,湖南省长沙市,在母校教书育人，传承知识！
杨二十,河南,郑州市,金水区,郑州市中心医院,外科医生,医疗,122****0123,yanges@example.com,湖南省株洲市,救死扶伤，医者仁心！
朱二十一,重庆,重庆市,渝中区,重庆火锅研究院,品牌总监,餐饮,121****4567,zhues@example.com,湖南省湘潭市,重庆火锅，麻辣鲜香！
秦二十二,天津,天津市,南开区,天津大学,副研究员,教育/科研,120****8901,qinee@example.com,湖南省衡阳市,在北方的冬天里研究科学！
许二十三,辽宁,大连市,中山区,大连软件园,项目经理,软件/IT,119****2345,xues@example.com,湖南省岳阳市,东北的软件行业也在蓬勃发展！
何二十四,海南,三亚市,天涯区,三亚亚龙湾酒店,酒店经理,酒店/旅游,118****6789,hees@example.com,湖南省常德市,面朝大海，春暖花开！欢迎来度假！
